{
    "StageCornerIn": "Stage/StageCornerIn.Item.Gbx",
    "StageCornerOut": "Stage/StageCornerOut.Item.Gbx",
    "StageCross": "Stage/StageCross.Item.Gbx",
    "StageDoubleCurve1": "Stage/StageDoubleCurve1.Item.Gbx",
    "StageDoubleCurve2": "Stage/StageDoubleCurve2.Item.Gbx",
    "StageDoubleCurve3": "Stage/StageDoubleCurve3.Item.Gbx",
    "StageRampLeft": "Stage/StageRampLeft.Item.Gbx",
    "StageRampRight": "Stage/StageRampRight.Item.Gbx",
    "StageSlopeStraightLeft": "Stage/StageSlopeStraightLeft.Item.Gbx",
    "StageSlopeStraightLeftInStageStraight": "Stage/StageSlopeStraightLeftInStageStraight.Item.Gbx",
    "StageSlopeStraightRight": "Stage/StageSlopeStraightRight.Item.Gbx",
    "StageSlopeStraightRightInStageStraight": "Stage/StageSlopeStraightRightInStageStraight.Item.Gbx",
    "StageStraight": "Stage/StageStraight.Item.Gbx",
    "StageStructureCornerIn": "Stage/StageStructureCornerIn.Item.Gbx",
    "StageStructureCornerOut": "Stage/StageStructureCornerOut.Item.Gbx",
    "StageStructureCross": "Stage/StageStructureCross.Item.Gbx",
    "StageStructureCurve1In": "Stage/StageStructureCurve1In.Item.Gbx",
    "StageStructureCurve1Out": "Stage/StageStructureCurve1Out.Item.Gbx",
    "StageStructureCurve2In": "Stage/StageStructureCurve2In.Item.Gbx",
    "StageStructureCurve2Out": "Stage/StageStructureCurve2Out.Item.Gbx",
    "StageStructureCurve3In": "Stage/StageStructureCurve3In.Item.Gbx",
    "StageStructureCurve3Out": "Stage/StageStructureCurve3Out.Item.Gbx",
    "StageStructureDiagIn": "Stage/StageStructureDiagIn.Item.Gbx",
    "StageStructureDiagOut": "Stage/StageStructureDiagOut.Item.Gbx",
    "StageStructureStraight": "Stage/StageStructureStraight.Item.Gbx",
    "StageStructureTShaped": "Stage/StageStructureTShaped.Item.Gbx",
    "StageSupportCornerIn": "Stage/StageSupportCornerIn.Item.Gbx",
    "StageSupportCornerOut": "Stage/StageSupportCornerOut.Item.Gbx",
    "StageSupportCross": "Stage/StageSupportCross.Item.Gbx",
    "StageSupportCurve1In": "Stage/StageSupportCurve1In.Item.Gbx",
    "StageSupportCurve1Out": "Stage/StageSupportCurve1Out.Item.Gbx",
    "StageSupportCurve2In": "Stage/StageSupportCurve2In.Item.Gbx",
    "StageSupportCurve2Out": "Stage/StageSupportCurve2Out.Item.Gbx",
    "StageSupportCurve3In": "Stage/StageSupportCurve3In.Item.Gbx",
    "StageSupportCurve3Out": "Stage/StageSupportCurve3Out.Item.Gbx",
    "StageSupportDiagIn": "Stage/StageSupportDiagIn.Item.Gbx",
    "StageSupportStraight": "Stage/StageSupportStraight.Item.Gbx",
    "StageSupportTShaped": "Stage/StageSupportTShaped.Item.Gbx",
    "StageTShaped": "Stage/StageTShaped.Item.Gbx"
}